Compound,Negative,Neutral Score,Positive,Tweet Number,Tweet Text
0.0,0.0,1.0,0.0,1,Conservative firebrand Jim Jordan is running for speaker of the House. Here's why. | Analysis by @CillizzaCNN‚Ä¶ https://t.co/Sg6zSTA6Hl
0.0,0.0,1.0,0.0,2,A radio station in New Jersey took two midday show hosts off the air after they referred to the state's Sikh attorn‚Ä¶ https://t.co/YIpcX2nIWK
0.452,0.0,0.871,0.129,3,This man built a floating bicycle so he could clean trash from a river in order to raise awareness about plastic po‚Ä¶ https://t.co/tYMhmtUdgT
0.273,0.0,0.884,0.116,4,Former Trump administration aide Omarosa Manigault-Newman has an August surprise for the President and the public:‚Ä¶ https://t.co/oTGEUM5rz5
-0.637,0.317,0.583,0.1,5,"New Zealand has passed legislation giving victims of domestic violence the right to ask for 
paid leave https://t.co/dnggo3cc1t"
0.402,0.0,0.87,0.13,6,Special counsel Robert Mueller has been reviewing President Trump's Twitter feed as part of the former FBI director‚Ä¶ https://t.co/mxssbEBAEi
0.0,0.0,1.0,0.0,7,These aerial photos show human impact on Earth https://t.co/QuBdlOCJJ8 https://t.co/dLnQEgoz6u
-0.599,0.262,0.738,0.0,8,Corporate America is caught in the crossfire of trade war https://t.co/bgWHSDtaPP https://t.co/yFJeNHD7Wc
-0.533,0.168,0.832,0.0,9,She's an Instagram influencer. She's also not real -- but some brands don't seem to care https://t.co/G1SIPCedWo https://t.co/pzM3pi2TKC
0.0,0.0,1.0,0.0,10,"Dallas Cowboys owner Jerry Jones says that President Trump comments on the ongoing NFL anthem debate are ""problemat‚Ä¶ https://t.co/Uv4WjY6d82"
0.0,0.0,1.0,0.0,11,You may think of the Antarctic as pristine wilderness. But it's already showing the effects of human activity thous‚Ä¶ https://t.co/WC4wowo0hB
0.0,0.0,1.0,0.0,12,RT @CNNMoney: RadioShack is back. Kinda https://t.co/bGbdQsw6pf https://t.co/68OfpHB379
0.637,0.0,0.826,0.174,13,"Rep. Jim Jordan, a leader in the conservative House Freedom Caucus and former chairman of the group, says he will a‚Ä¶ https://t.co/b12yiKKv9s"
-0.586,0.202,0.798,0.0,14,"President Trump and Vice President Mike Pence threaten to impose ""large sanctions"" on its NATO ally Turkey if the c‚Ä¶ https://t.co/AlXB3BVFYU"
-0.637,0.317,0.583,0.1,15,"New Zealand has passed legislation giving victims of domestic violence the right to ask for 
paid leave https://t.co/SCNeA5hJoc"
-0.751,0.299,0.701,0.0,16,Two off-duty New Orleans police officers were arrested after allegedly assaulting a man outside a bar early Tuesday‚Ä¶ https://t.co/ghQ8WXDqqp
-0.477,0.194,0.806,0.0,17,What happens if the US misses its deadline to reunite families? The short answer: No one really knows.‚Ä¶ https://t.co/TV2zdSGBMw
-0.438,0.194,0.806,0.0,18,"Michael Cohen sent up flares, but Trump never came to help https://t.co/eWI6GQpwUz https://t.co/jNJAEC8Whp"
-0.309,0.111,0.889,0.0,19,House Speaker Paul Ryan says he does not support House conservatives' efforts to impeach Deputy Attorney General Ro‚Ä¶ https://t.co/cElEhCJpqa
0.0,0.0,1.0,0.0,20,Why Trump blinked on Putin and trade | Analysis by @StCollinson https://t.co/xJsLdo5hId https://t.co/AV7H4sxozE
0.0,0.0,1.0,0.0,21,Conservative firebrand Jim Jordan is running for speaker of the House. Here's why. | Analysis by @CillizzaCNN‚Ä¶ https://t.co/Sg6zSTA6Hl
0.0,0.0,1.0,0.0,22,A radio station in New Jersey took two midday show hosts off the air after they referred to the state's Sikh attorn‚Ä¶ https://t.co/YIpcX2nIWK
0.452,0.0,0.871,0.129,23,This man built a floating bicycle so he could clean trash from a river in order to raise awareness about plastic po‚Ä¶ https://t.co/tYMhmtUdgT
0.273,0.0,0.884,0.116,24,Former Trump administration aide Omarosa Manigault-Newman has an August surprise for the President and the public:‚Ä¶ https://t.co/oTGEUM5rz5
-0.637,0.317,0.583,0.1,25,"New Zealand has passed legislation giving victims of domestic violence the right to ask for 
paid leave https://t.co/dnggo3cc1t"
0.402,0.0,0.87,0.13,26,Special counsel Robert Mueller has been reviewing President Trump's Twitter feed as part of the former FBI director‚Ä¶ https://t.co/mxssbEBAEi
0.0,0.0,1.0,0.0,27,These aerial photos show human impact on Earth https://t.co/QuBdlOCJJ8 https://t.co/dLnQEgoz6u
-0.599,0.262,0.738,0.0,28,Corporate America is caught in the crossfire of trade war https://t.co/bgWHSDtaPP https://t.co/yFJeNHD7Wc
-0.533,0.168,0.832,0.0,29,She's an Instagram influencer. She's also not real -- but some brands don't seem to care https://t.co/G1SIPCedWo https://t.co/pzM3pi2TKC
0.0,0.0,1.0,0.0,30,"Dallas Cowboys owner Jerry Jones says that President Trump comments on the ongoing NFL anthem debate are ""problemat‚Ä¶ https://t.co/Uv4WjY6d82"
0.0,0.0,1.0,0.0,31,You may think of the Antarctic as pristine wilderness. But it's already showing the effects of human activity thous‚Ä¶ https://t.co/WC4wowo0hB
0.0,0.0,1.0,0.0,32,RT @CNNMoney: RadioShack is back. Kinda https://t.co/bGbdQsw6pf https://t.co/68OfpHB379
0.637,0.0,0.826,0.174,33,"Rep. Jim Jordan, a leader in the conservative House Freedom Caucus and former chairman of the group, says he will a‚Ä¶ https://t.co/b12yiKKv9s"
-0.586,0.202,0.798,0.0,34,"President Trump and Vice President Mike Pence threaten to impose ""large sanctions"" on its NATO ally Turkey if the c‚Ä¶ https://t.co/AlXB3BVFYU"
-0.637,0.317,0.583,0.1,35,"New Zealand has passed legislation giving victims of domestic violence the right to ask for 
paid leave https://t.co/SCNeA5hJoc"
-0.751,0.299,0.701,0.0,36,Two off-duty New Orleans police officers were arrested after allegedly assaulting a man outside a bar early Tuesday‚Ä¶ https://t.co/ghQ8WXDqqp
-0.477,0.194,0.806,0.0,37,What happens if the US misses its deadline to reunite families? The short answer: No one really knows.‚Ä¶ https://t.co/TV2zdSGBMw
-0.438,0.194,0.806,0.0,38,"Michael Cohen sent up flares, but Trump never came to help https://t.co/eWI6GQpwUz https://t.co/jNJAEC8Whp"
-0.309,0.111,0.889,0.0,39,House Speaker Paul Ryan says he does not support House conservatives' efforts to impeach Deputy Attorney General Ro‚Ä¶ https://t.co/cElEhCJpqa
0.0,0.0,1.0,0.0,40,Why Trump blinked on Putin and trade | Analysis by @StCollinson https://t.co/xJsLdo5hId https://t.co/AV7H4sxozE
-0.818,0.273,0.727,0.0,41,"Mary Ellis, a ""pioneering female aviator"" who flew in World War II, has died at the age of 101. Ellis helped delive‚Ä¶ https://t.co/ATx0QddWD6"
-0.459,0.15,0.85,0.0,42,Some immigrant parents are facing a heartbreaking choice of whether to bring their children with them when they're‚Ä¶ https://t.co/lnVYbeEaS2
0.66,0.0,0.787,0.213,43,"David Thomas waited all his life to see the ocean. With the help of a special beach wheelchair, he finally got the‚Ä¶ https://t.co/ig5em8fGXZ"
0.318,0.0,0.892,0.108,44,This new NASA animation shows the dramatic increase of near-Earth objects. See how many asteroids and comets have c‚Ä¶ https://t.co/p2wrunRzT8
0.0,0.0,1.0,0.0,45,"Putin gave Trump a soccer ball during a news conference last week in Helsinki, Finland -- and the ball may have con‚Ä¶ https://t.co/yUXgCUc0Eo"
0.273,0.0,0.884,0.116,46,Former Trump administration aide Omarosa Manigault-Newman has an August surprise for the President and the public:‚Ä¶ https://t.co/vcEzUVHEkg
-0.625,0.227,0.773,0.0,47,Facebook stock is on track for its worst day ever. CNN‚Äôs @CristinaAlesci explains: https://t.co/wcUlUvMeIz https://t.co/7oBysi0LNc
-0.866,0.314,0.686,0.0,48,"More than 200 people dead, 180 wounded after ISIS militants go home to home, killing families as they slept, before‚Ä¶ https://t.co/G9fn3RkyfP"
0.382,0.117,0.664,0.219,49,"After a series of prominent failures, there's reason to be hopeful in the search for a drug to slow the progression‚Ä¶ https://t.co/nqN8PtOY1B"
0.0,0.0,1.0,0.0,50,The oldest American candy company has suddenly closed its factory https://t.co/8wZujsHhOZ https://t.co/gOlWoOgKh8
-0.296,0.18,0.82,0.0,51,"New Zealand has accused Australia of ""copying"" its flag https://t.co/8hfKN2SZxF https://t.co/7kfiiwIYFh"
-0.778,0.281,0.719,0.0,52,RT @CNNMoney: Nasdaq drops 1% at the open as Facebook plunges 19%. Facebook on track for worst one-day drop after issuing gloomy forecast.‚Ä¶
-0.402,0.119,0.881,0.0,53,UK summer temperatures are set to hit new highs and deadly heat waves are projected to become a bigger problem beca‚Ä¶ https://t.co/EMUHTmzdsE
0.0,0.0,1.0,0.0,54,"The US government has until 6 p.m. ET today to reunite all eligible families that it separated. 

Follow here for l‚Ä¶ https://t.co/CTyGBEG2p6"
-0.026,0.15,0.704,0.146,55,What happened the last time a President chose America's enemies over its friends | Manisha Sinha for @CNNopinion‚Ä¶ https://t.co/wZ9pyZTS0M
0.0,0.0,1.0,0.0,56,This new skyscraper in China has a 354-foot-tall artificial waterfall https://t.co/Hvs8Dxn9zo https://t.co/5VWkRmABQB
-0.866,0.416,0.584,0.0,57,Disgraced USA Gymnastics team doctor Larry Nassar is asking to be resentenced on sexual assault charges in Michigan‚Ä¶ https://t.co/y5MZJ7iDZW
0.0,0.0,1.0,0.0,58,"When students return to Marjory Stoneman Douglas High School in three weeks, they won't have to use see-through bac‚Ä¶ https://t.co/ovZM4HRqNG"
0.511,0.0,0.798,0.202,59,"Today's top business headlines with @ChristineRomans before the opening bell on Wall Street:

- US, EU agree to wor‚Ä¶ https://t.co/0WPuhYj8eK"
-0.586,0.211,0.789,0.0,60,A person police were trying to arrest near Phoenix took an officer's gun and shot two Arizona state troopers Wednes‚Ä¶ https://t.co/2EVHRXJEUw
-0.077,0.115,0.733,0.152,61,"No matter where you are in the US, chances are high you're experiencing extreme weather today‚Ä¶ https://t.co/F2M4bQ8Mv5"
-0.637,0.271,0.643,0.086,62,New Zealand has passed legislation giving victims of domestic violence the right to ask for 10 days of paid leave i‚Ä¶ https://t.co/fL8Vu05XaU
0.0,0.0,1.0,0.0,63,"5 things for Thursday:

- White House
- Syria
- Facebook
- Toronto shooting
- Mars

https://t.co/EktAwCmacf https://t.co/SHcAXIqUji"
-0.818,0.273,0.727,0.0,64,"Mary Ellis, a ""pioneering female aviator"" who flew in World War II, has died at the age of 101. Ellis helped delive‚Ä¶ https://t.co/4oUx6E08YE"
0.494,0.0,0.738,0.262,65,These startups are trying to save local news https://t.co/JHJh7VtGe0 https://t.co/3OTuTiJDAa
0.452,0.0,0.871,0.129,66,This man built a floating bicycle so he could clean trash from a river in order to raise awareness about plastic po‚Ä¶ https://t.co/If9omiRdkF
-0.751,0.299,0.701,0.0,67,Two off-duty New Orleans police officers were arrested after allegedly assaulting a man outside a bar early Tuesday‚Ä¶ https://t.co/VFUDZ2UiFn
-0.866,0.416,0.584,0.0,68,Disgraced USA Gymnastics team doctor Larry Nassar is asking to be resentenced on sexual assault charges in Michigan‚Ä¶ https://t.co/1DpVWdwpYo
-0.637,0.317,0.583,0.1,69,"New Zealand has passed legislation giving victims of domestic violence the right to ask for 
paid leave https://t.co/PZI9VCTPY5"
0.0,0.0,1.0,0.0,70,Investors are embracing the booming economy -- but they're preparing for a downturn https://t.co/jjSQMxnTLx
-0.296,0.18,0.82,0.0,71,"New Zealand has accused Australia of ""copying"" its flag https://t.co/XgCNGXgTG8 https://t.co/4jevn2aXQh"
0.0,0.0,1.0,0.0,72,An audio expert analyzes the secret Trump-Cohen tape https://t.co/3NJOvXkrsD https://t.co/iMf2SMpzQM
-0.557,0.194,0.806,0.0,73,"Days after a deadly shooting rampage, Toronto wants to ban handgun sales in the city https://t.co/ELSgOl5GPG https://t.co/MWMldELdOA"
-0.296,0.167,0.833,0.0,74,A man has been accused of starting the fast-growing California wildfire https://t.co/M8RfI96P3S https://t.co/wtZ2zypQov
0.586,0.0,0.725,0.275,75,Undefeated Triple Crown winner Justify is retiring from racing https://t.co/R0urCb0ZyF https://t.co/8Zt3d3izHg
0.0,0.0,1.0,0.0,76,The usually ultra-competitive White House press corps is showing unity after one reporter was barred from a preside‚Ä¶ https://t.co/TWmn9gj055
0.0,0.0,1.0,0.0,77,"When students return to Marjory Stoneman Douglas High School in three weeks, they won't have to use see-through bac‚Ä¶ https://t.co/2ad0tyW13W"
0.382,0.117,0.664,0.219,78,"After a series of prominent failures, there's reason to be hopeful in the search for a drug to slow the progression‚Ä¶ https://t.co/008RZIkDDU"
-0.483,0.187,0.813,0.0,79,"""You don't talk; you watch talk shows. You don't play games; you watch game shows. Travel, relationships, risk: Eve‚Ä¶ https://t.co/xwbCco9YNI"
0.0,0.0,1.0,0.0,80,Investors are embracing the booming economy -- but they're preparing for a downturn https://t.co/AIfdK6aY1p
0.0,0.0,1.0,0.0,81,"Putin gave Trump a soccer ball during a news conference last week in Helsinki, Finland -- and the ball may have con‚Ä¶ https://t.co/PdvVpout87"
-0.202,0.101,0.899,0.0,82,"YouTube has deleted four videos posted by InfoWars founder Alex Jones, the controversial online personality famous‚Ä¶ https://t.co/qJWH5TojPG"
0.202,0.0,0.913,0.087,83,Europe's top court has dealt Nestle a major setback in its effort to trademark the shape of the four-finger KitKat https://t.co/1U6V3tgeP5
-0.951,0.456,0.544,0.0,84,"The dam collapse that has killed at least 26 people and made more than 6,000 homeless is the worst disaster faced b‚Ä¶ https://t.co/QVVJ245a5U"
-0.718,0.261,0.739,0.0,85,"Days after a shooting rampage in Toronto killed two people, its city council voted overwhelmingly to urge its feder‚Ä¶ https://t.co/0yAxe9BRNm"
0.178,0.1,0.769,0.131,86,Investigators hope data from a missing Iowa woman's Fitbit may give them clues to her whereabouts after her disappe‚Ä¶ https://t.co/LHIiBc9YP8
-0.44,0.132,0.868,0.0,87,"A large blaze at an apartment block in West Hampstead, London has been brought under control, according to London F‚Ä¶ https://t.co/EvW9CTTtUh"
0.0,0.0,1.0,0.0,88,"An explosive device has been detonated in a public area at the US embassy in Beijing, close to the main compound, a‚Ä¶ https://t.co/OiRg5eJfMZ"
0.0,0.0,1.0,0.0,89,"An explosive device has been detonated in a public area at the US embassy in Beijing, close to the main compound, a‚Ä¶ https://t.co/whvC3yCvg8"
0.0,0.0,1.0,0.0,90,"An incident has taken place outside the US embassy compound in Beijing, CNN has confirmed. https://t.co/L6wbsZycdY"
0.128,0.104,0.769,0.127,91,"Former President Jimmy Carter says the United States has ""lost its place"" as a global leader in human rights‚Ä¶ https://t.co/7VV8Lz6KZq"
0.0,0.0,1.0,0.0,92,The man who fishes for plastic from a floating bicycle https://t.co/zXCDV2kSU7 https://t.co/ZbXnJfKGUi
0.0,0.0,1.0,0.0,93,An audio expert analyzes the secret Trump-Cohen tape https://t.co/yPqMpPXJIq https://t.co/uNEb19vgCk
0.361,0.0,0.878,0.122,94,"It‚Äôs like a real-life Iron Man. This flying suit was built using 3D printed parts, specialist electronics and five‚Ä¶ https://t.co/MpOX1uUViQ"
0.0,0.0,1.0,0.0,95,"Misty Copeland, Gigi Hadid to star in 2019 Pirelli calendar https://t.co/KqmdECr09d via @CNNStyle https://t.co/H7JUC2MqW1"
-0.422,0.202,0.798,0.0,96,A Japanese politician has come under fire for questioning whether LGBT taxpayers should receive equal welfare benef‚Ä¶ https://t.co/F4SCglpMJs
-0.296,0.115,0.885,0.0,97,"New Zealand's acting Prime Minister Winston Peters has accused Australia of copying his country's flag, telling its‚Ä¶ https://t.co/2yjOSBwC7z"
0.226,0.0,0.909,0.091,98,"After years of research, scientists have confirmed that liquid water exists on Mars. This could allow humans to fur‚Ä¶ https://t.co/HLjJuhfvDX"
0.0,0.0,1.0,0.0,99,Watch this massive cargo plane pull off a loop-the-loop https://t.co/ySjuGTag20 https://t.co/WpJiCrMY9t
-0.026,0.175,0.656,0.169,100,What happened the last time a President chose America's enemies over its friends https://t.co/rcyTfwhYBy https://t.co/Sj00T880dz
-0.921,0.417,0.583,0.0,1,Jim Jordan is running for House speaker. He's a rising star conservative but is accused of ignoring sexual abuse as‚Ä¶ https://t.co/Ri3oXOD0QG
0.0,0.0,1.0,0.0,2,"Amazon's facial recognition software, which it markets to law enforcement, misidentified Latino and Black faces mor‚Ä¶ https://t.co/kVFwK3FOTm"
-0.103,0.091,0.909,0.0,3,"""Our father‚Äôs girlfriend made us a life-changing offer: She wants to pay off our loans"" https://t.co/UFQDLLVEG5"
0.558,0.0,0.859,0.141,4,Alabama was a practice run for a new kind of super PAC spending. Now a group has set its eyes ‚Äî and at least $20 mi‚Ä¶ https://t.co/X8zQWcqx1T
0.382,0.0,0.833,0.167,5,"""The approaches by Truman and Trump are representative of a larger truth: If you want to know what a president beli‚Ä¶ https://t.co/gQn7yCXse0"
-0.153,0.078,0.922,0.0,6,"Missing pages from Malcolm X‚Äôs autobiography have long been the stuff of myth. But now the unpublished material, or‚Ä¶ https://t.co/RqtODINhtJ"
0.0,0.0,1.0,0.0,7,"Women of color weren't supposed to be artists in the 19th century, much less work in marble. Edmonia Lewis defied t‚Ä¶ https://t.co/y1uqM56AFP"
0.0,0.0,1.0,0.0,8,The parents who were deemed eligible for reunification represent only about a third of all those who were separated‚Ä¶ https://t.co/3UnIjuirty
-0.382,0.106,0.894,0.0,9,"RT @tripgabriel: NEWS via ‚Å¶@alexburnsNYT‚Å©: Senate Majority PAC to dump $20 million into voter turnout primarily in MO, IN, TN and AZ races‚Ä¶"
0.128,0.096,0.786,0.118,10,Trump has long wielded Twitter as a weapon. Now the special counsel is investigating his tweets as part of a broad‚Ä¶ https://t.co/UFJ6pSLvvp
-0.852,0.328,0.672,0.0,11,"After her 17-year-old son was fatally shot in 2012, Lucy McBath became an anti-gun violence activist.

The Parkland‚Ä¶ https://t.co/9RRLVxDxBy"
-0.805,0.355,0.645,0.0,12,"Larry Nassar wants his prison term to be reconsidered, arguing that the judge wasn't fair or impartial https://t.co/ZUkLVYCirg"
0.511,0.0,0.845,0.155,13,"RT @tmagazine: For the latest #TellTAJoke, @OITNB actress Natasha Lyonne (@nlyonne) pokes fun at the @NYTimesWordplay's puzzle editor Will‚Ä¶"
0.103,0.172,0.625,0.203,14,Worried about getting scammed? Here's how to protect yourself. https://t.co/X4p0VRoPqR
-0.866,0.36,0.64,0.0,15,"RT @NYTMetro: ""If you have a dirt bike, or an ATV, they associate you with being a bad person."" Dirt bikers say they're misunderstood. One‚Ä¶"
0.0,0.0,1.0,0.0,16,We sat down with a few conservative teens who attended this week's Turning Point USA conference to hear what it‚Äôs l‚Ä¶ https://t.co/0otNYw4qRl
0.382,0.094,0.755,0.151,17,RT @bydanielvictor: One of the best things NYT has ever done is this photo gallery of parents applying sunscreen to visibly annoyed childre‚Ä¶
-0.49,0.258,0.742,0.0,18,Paleontologists once thought these dinosaurs did not reach East Asia. They were wrong. https://t.co/e1scIfA4Ex
-0.44,0.104,0.896,0.0,19,"RT @carolynryan: Caution: highly addictive. You can look up the town you grew up in, the block you live on now, every place you ever visite‚Ä¶"
0.751,0.111,0.521,0.368,20,"She first heard what sounded like a bomb going off a few miles away. Then came a curious noise, like a strong wind.‚Ä¶ https://t.co/IGAhfzC62K"
-0.921,0.417,0.583,0.0,21,Jim Jordan is running for House speaker. He's a rising star conservative but is accused of ignoring sexual abuse as‚Ä¶ https://t.co/Ri3oXOD0QG
0.0,0.0,1.0,0.0,22,"Amazon's facial recognition software, which it markets to law enforcement, misidentified Latino and Black faces mor‚Ä¶ https://t.co/kVFwK3FOTm"
-0.103,0.091,0.909,0.0,23,"""Our father‚Äôs girlfriend made us a life-changing offer: She wants to pay off our loans"" https://t.co/UFQDLLVEG5"
0.558,0.0,0.859,0.141,24,Alabama was a practice run for a new kind of super PAC spending. Now a group has set its eyes ‚Äî and at least $20 mi‚Ä¶ https://t.co/X8zQWcqx1T
0.382,0.0,0.833,0.167,25,"""The approaches by Truman and Trump are representative of a larger truth: If you want to know what a president beli‚Ä¶ https://t.co/gQn7yCXse0"
-0.153,0.078,0.922,0.0,26,"Missing pages from Malcolm X‚Äôs autobiography have long been the stuff of myth. But now the unpublished material, or‚Ä¶ https://t.co/RqtODINhtJ"
0.0,0.0,1.0,0.0,27,"Women of color weren't supposed to be artists in the 19th century, much less work in marble. Edmonia Lewis defied t‚Ä¶ https://t.co/y1uqM56AFP"
0.0,0.0,1.0,0.0,28,The parents who were deemed eligible for reunification represent only about a third of all those who were separated‚Ä¶ https://t.co/3UnIjuirty
-0.382,0.106,0.894,0.0,29,"RT @tripgabriel: NEWS via ‚Å¶@alexburnsNYT‚Å©: Senate Majority PAC to dump $20 million into voter turnout primarily in MO, IN, TN and AZ races‚Ä¶"
0.128,0.096,0.786,0.118,30,Trump has long wielded Twitter as a weapon. Now the special counsel is investigating his tweets as part of a broad‚Ä¶ https://t.co/UFJ6pSLvvp
-0.852,0.328,0.672,0.0,31,"After her 17-year-old son was fatally shot in 2012, Lucy McBath became an anti-gun violence activist.

The Parkland‚Ä¶ https://t.co/9RRLVxDxBy"
-0.805,0.355,0.645,0.0,32,"Larry Nassar wants his prison term to be reconsidered, arguing that the judge wasn't fair or impartial https://t.co/ZUkLVYCirg"
0.511,0.0,0.845,0.155,33,"RT @tmagazine: For the latest #TellTAJoke, @OITNB actress Natasha Lyonne (@nlyonne) pokes fun at the @NYTimesWordplay's puzzle editor Will‚Ä¶"
0.103,0.172,0.625,0.203,34,Worried about getting scammed? Here's how to protect yourself. https://t.co/X4p0VRoPqR
-0.866,0.36,0.64,0.0,35,"RT @NYTMetro: ""If you have a dirt bike, or an ATV, they associate you with being a bad person."" Dirt bikers say they're misunderstood. One‚Ä¶"
0.0,0.0,1.0,0.0,36,We sat down with a few conservative teens who attended this week's Turning Point USA conference to hear what it‚Äôs l‚Ä¶ https://t.co/0otNYw4qRl
0.382,0.094,0.755,0.151,37,RT @bydanielvictor: One of the best things NYT has ever done is this photo gallery of parents applying sunscreen to visibly annoyed childre‚Ä¶
-0.49,0.258,0.742,0.0,38,Paleontologists once thought these dinosaurs did not reach East Asia. They were wrong. https://t.co/e1scIfA4Ex
-0.44,0.104,0.896,0.0,39,"RT @carolynryan: Caution: highly addictive. You can look up the town you grew up in, the block you live on now, every place you ever visite‚Ä¶"
0.751,0.111,0.521,0.368,40,"She first heard what sounded like a bomb going off a few miles away. Then came a curious noise, like a strong wind.‚Ä¶ https://t.co/IGAhfzC62K"
0.0,0.0,1.0,0.0,41,"In newly disclosed emails, Michigan Republicans boast of concentrating ""Dem garbage"" into four of the five southeas‚Ä¶ https://t.co/TFH6tWKO9G"
-0.128,0.073,0.927,0.0,42,"Even in counties that voted overwhelmingly for Donald Trump or Hillary Clinton, there are small pockets that went t‚Ä¶ https://t.co/3FOUu7GWP5"
0.296,0.0,0.896,0.104,43,"Breaking News: Facebook shares plunged more than 18 percent in early trading, erasing over $110 billion from the so‚Ä¶ https://t.co/4nosck9u4m"
-0.866,0.393,0.607,0.0,44,A third suspect in the killing of the 20-year-old Florida rapper XXXTentacion was arrested on Wednesday morning in‚Ä¶ https://t.co/RXlfbIFPuf
0.0,0.0,1.0,0.0,45,Breaking News: The charismatic cricketer Imran Khan appears close to becoming Pakistan's next prime minister. He's‚Ä¶ https://t.co/QVUBmujOdy
0.25,0.0,0.909,0.091,46,"Ken Kurson, a Kushner ally, was poised to get a seat on the board of the National Endowment for the Humanities. The‚Ä¶ https://t.co/2nRkbm8Gwy"
-0.557,0.135,0.865,0.0,47,"RT @mattfleg: Lanny Davis on the Cohen tape: Trump and Rudy ""walked into the trap."" Rudy on Lanny: ""He‚Äôs basically destroying his client as‚Ä¶"
-0.026,0.099,0.807,0.094,48,"Mike Pompeo refused to discuss the meeting between Trump and Putin in Finland last week. ""Presidents are entitled t‚Ä¶ https://t.co/6ob4K4G943"
-0.273,0.1,0.9,0.0,49,"In a series of scenes, Sacha Baron Cohen got Republican lawmaker Jason Spencer to yell a racial epithet and drop hi‚Ä¶ https://t.co/UznkjWqUnl"
0.0,0.0,1.0,0.0,50,Morning¬†Briefing: Here's what you need to know to start your day https://t.co/BIKG74uRrt https://t.co/Giso0AYl2Q
0.0,0.0,1.0,0.0,51,"""We all make mistakes,"" Sean Spicer said as a BBC anchor grilled him on his infamous first briefing, in which he ma‚Ä¶ https://t.co/C0FrBMSOqt"
-0.25,0.126,0.794,0.079,52,The federal budget deficit is growing much faster than economists had predicted. The reason is President Trump's ta‚Ä¶ https://t.co/3ZSbhckqHn
0.0,0.0,1.0,0.0,53,Do you live in a political bubble? Explore this detailed map of the 2016 presidential election. https://t.co/2uUIohih1j
0.586,0.0,0.769,0.231,54,"Your daily @DealBook Briefing:

‚Ä¢ Facebook isn't bulletproof after all.

‚Ä¢ The U.S. and Europe want trade peace. Fo‚Ä¶ https://t.co/xY2RUdNJ94"
0.422,0.0,0.851,0.149,55,"An explosion rocked the street outside the United States Embassy in Beijing on Thursday, rattling a diplomatically‚Ä¶ https://t.co/9D561t5KFS"
0.511,0.0,0.842,0.158,56,"For the past few weeks, Mars has been growing brighter in the night sky. Here's how to see  the red planet at its c‚Ä¶ https://t.co/gYx7fedLoY"
0.422,0.0,0.851,0.149,57,"Is the United States' policy toward Russia what the president says, or what the government does? https://t.co/TWwTfbhE0b"
0.402,0.0,0.87,0.13,58,"The party of Imran Khan, a former Pakistani cricket star, pulled firmly ahead in the early count after Wednesday‚Äôs‚Ä¶ https://t.co/BVfllwkyh2"
0.0,0.0,1.0,0.0,59,"For the first time, scientists have found a large, watery lake beneath an ice cap on Mars https://t.co/3J42NBoLpx"
0.0,0.0,1.0,0.0,60,Workers may finally be getting a bigger piece of the economic pie ‚Äî at least in Europe. Just don‚Äôt ask why. https://t.co/l7k05VVsp3
0.0,0.0,1.0,0.0,61,Morning¬†Briefing: Here's what you need to know to start your day https://t.co/xWbCPBUYRr https://t.co/4n57r9RtMP
0.0,0.0,1.0,0.0,62,"Oksana Shachko was a founder of Femen, a women‚Äôs rights group that, together with PussyRiot, became part of a post-‚Ä¶ https://t.co/9caH2jfIjA"
-0.077,0.166,0.683,0.151,63,"RT @nytimesbooks: 3 books on Putin, Russian intelligence and why American agencies may be under threat https://t.co/rwi0tNbJZ6"
0.276,0.0,0.839,0.161,64,"They didn't have children and, most said, they don't have regrets  https://t.co/u4SzobiXXT"
0.0,0.0,1.0,0.0,65,"""I'm expected to function as if I've been here for years,"" said a refugee from Manus Island who resettled in the Un‚Ä¶ https://t.co/MTpKwnRbrd"
0.273,0.0,0.877,0.123,66,"A surprise announcement made by President Trump and the president of the European Commission, Jean-Claude Juncker,‚Ä¶ https://t.co/boyyclsWGJ"
0.422,0.0,0.851,0.149,67,"An explosion rocked the street outside the United States Embassy in Beijing on Thursday, rattling a diplomatically‚Ä¶ https://t.co/qOhPpq4wcF"
-0.477,0.119,0.881,0.0,68,RT @nytimesworld: The six people executed were former members of the cult that carried out a sarin gas attack on the Tokyo subway that kill‚Ä¶
0.0,0.0,1.0,0.0,69,"Gimme a break 
Gimme a break
Break me off a piece of that trademark law
https://t.co/NkjcOO25fu"
-0.361,0.156,0.844,0.0,70,"Ryanair cabin crew in Belgium, Italy, Portugal and Spain are on strike, forcing the carrier to cancel hundreds of f‚Ä¶ https://t.co/HPKy6GilXC"
-0.922,0.391,0.609,0.0,71,RT @nytimesworld: Greeks were still piecing together one of the nation‚Äôs worst disasters in recent memory after wildfires killed at least 8‚Ä¶
0.077,0.0,0.936,0.064,72,"If you want a divorce, you can get a divorce, right? In Britain, it turns out, the answer is ‚Äúnot necessarily.‚Äù https://t.co/bdN2HduNmk"
0.494,0.0,0.849,0.151,73,"This year‚Äôs Venice Film Festival will include new movies by Paul Greengrass, Alfonso Cuar√≥n and the Coen Brothers https://t.co/dKJKZZT8aA"
0.128,0.083,0.782,0.134,74,RT @nytimesbooks: The genocide of World War II has come to act like a screen across the middle of the 20th century. But it is important to‚Ä¶
0.422,0.0,0.741,0.259,75,Blast Heard Near United States Embassy in Beijing https://t.co/1bTlOZCFmD
-0.202,0.087,0.913,0.0,76,"If scientists understand why tick bites are suddenly causing a strange reaction in some people who eat meat, that c‚Ä¶ https://t.co/OX703sXkyE"
0.0,0.0,1.0,0.0,77,Here's a dinner idea: Chicken braised in balsamic and red wine vinegars over creamy polenta https://t.co/a3geREMGiK
-0.541,0.176,0.824,0.0,78,"RT @nytopinion: What Big Oil really fears, much more than a modest tax on carbon, is having to pay for its own actions https://t.co/jJC7zNl‚Ä¶"
0.0,0.0,1.0,0.0,79,Plant more trees. Rethink pavement. Unblock the breeze. How cities are trying to cope with rising heat. https://t.co/MXqUyG6Nyj
0.0,0.0,1.0,0.0,80,"Is it possible to be sexual, but to not be seen as an object? In her video ‚ÄúGirlfriend,‚Äù H√©lo√Øse Letissier ‚Äî her bo‚Ä¶ https://t.co/f4xRGPVvFT"
0.0,0.0,1.0,0.0,81,"Scientists found evidence of a large underground pool of water on Mars, raising the possibility that life could exi‚Ä¶ https://t.co/EOFsQEXcAc"
-0.637,0.167,0.833,0.0,82,"RT @NYTNational: After her son was fatally shot, Lucy McBath ended her career as a flight attendant and became a national spokeswoman for g‚Ä¶"
-0.459,0.143,0.857,0.0,83,Yosemite National Park is ghostly quiet after a nearby wildfire forced thousands to evacuate. It‚Äôs one of 75 large‚Ä¶ https://t.co/BzPx5vPjcx
-0.262,0.186,0.814,0.0,84,Wages Are Rising in Europe. But Economists Are Puzzled. https://t.co/Ij9eM4vnmH
0.0,0.0,1.0,0.0,85,"A BBC interviewer told Sean Spicer he had ""corrupted discourse for the entire world."" Fox News asked his mother wha‚Ä¶ https://t.co/H6VpjB3gXB"
0.0,0.0,1.0,0.0,86,"RT @Nate_Cohn: The 2016 presidential election, as you've never seen it before  https://t.co/IW9jcvzAko https://t.co/KJSsPBdiIb"
-0.422,0.177,0.823,0.0,87,When ISIS‚Äô Call to Arms Falls on the Ears of the Mentally Ill https://t.co/k0j3xKlRL7
-0.077,0.159,0.697,0.144,88,"Wielding a pickax, a vandal destroyed President Trump‚Äôs star on the Hollywood Walk of Fame Wednesday morning‚Ä¶ https://t.co/CIdsmR6fxv"
0.0,0.0,1.0,0.0,89,RT @S_Evangelina: You don't know what Fortnite is? I got you. https://t.co/YutNdy5TnX
0.0,0.0,1.0,0.0,90,A group of House Republicans introduced articles of impeachment in a long-shot bid to oust deputy attorney general‚Ä¶ https://t.co/4kgvusJ0oA
-0.296,0.095,0.905,0.0,91,New Zealand accused Australia this week of copying its national flag. Take the quiz and see if you can identify the‚Ä¶ https://t.co/5pb0eai35o
0.0,0.0,1.0,0.0,92,"The White House barred a CNN journalist from attending a public appearance by President Trump in the Rose Garden, a‚Ä¶ https://t.co/TlqhSKHj0f"
0.0,0.0,1.0,0.0,93,RT @dionnesearcey: The video from #Cameroon captures uniformed men shooting a woman with a little girl and a woman with a baby strapped to‚Ä¶
0.402,0.0,0.847,0.153,94,Newly disclosed emails show Michigan Republicans angling to give their party a dominant position through gerrymande‚Ä¶ https://t.co/vVoX8MVdH9
-0.178,0.149,0.728,0.123,95,Orson Welles's last film will have its debut at the Venice Film Festival ‚Äì over 30 years after the director's death https://t.co/gGGgJEUKO9
0.0,0.0,1.0,0.0,96,"With Goop, Gwyneth Paltrow just wanted you to have what she had: the $795 G. Label trench coat and the $1,505 Beton‚Ä¶ https://t.co/wY4sZnTEIL"
-0.394,0.143,0.857,0.0,97,"RT @maggieNYT: Repeated screenings of the tape do not clearly reveal Mr. Trump saying the words ‚Äúdon‚Äôt pay with,‚Äù an omission that would en‚Ä¶"
-0.718,0.304,0.696,0.0,98,"The Republican tax cuts have pushed corporate tax payments to historically low levels, causing the budget deficit t‚Ä¶ https://t.co/Rmq0jLMztk"
0.0,0.0,1.0,0.0,99,Evening Briefing: Here's what you need to know at the end of the day https://t.co/CO2mMtZw2D
0.44,0.0,0.861,0.139,100,"At 5:30 p.m. on Wednesday, hundreds of speed cameras around NYC effectively clicked off, their watch over motorists‚Ä¶ https://t.co/YHKb0AJoZL"
-0.046,0.131,0.746,0.123,1,"Tonight, a team of inventors attempt to change the lives of three inspiring people with very different problems. üí°‚Ä¶ https://t.co/L7yN0qkCNz"
-0.511,0.142,0.858,0.0,2,A dog called Minnie has been reunited with her owners two years after thieves stole a truck she was sleeping in. üê∂‚Ä¶ https://t.co/CzeVkauFSx
-0.296,0.091,0.909,0.0,3,"RT @bbcpress: Late for the first game of @BBCMOTD, missed the first dance on #Strictly or tuned in halfway through #EastEnders? Pushing the‚Ä¶"
0.226,0.106,0.741,0.153,4,"üòÄ‚ô•Ô∏è Four-year-old Daniel and 91-year-old Stuart, who has dementia, have struck up an unlikely friendship.  https://t.co/DVpVhIssTc"
0.0,0.0,1.0,0.0,5,RT @bbcweather: It is officially the hottest day of the year so far in the UK with temperatures soaring to 35C in west London. https://t.co‚Ä¶
-0.178,0.101,0.826,0.072,6,"""I would like to do it all over again. There was a war on but otherwise it was absolutely wonderful."" ‚ù§Ô∏èÔ∏è

Remember‚Ä¶ https://t.co/1cSKgxW5gF"
-0.461,0.236,0.764,0.0,7,"üòÆ You don't want to get between two fighting kangaroos!
#LifeStory https://t.co/xX95kVkWJU"
-0.402,0.148,0.788,0.064,8,"A record number of primary school children are leaving school severely obese, according to new figures from Public‚Ä¶ https://t.co/nmc8w0pnGW"
-0.818,0.238,0.762,0.0,9,"RT @BBCEngland: The last living female pilot from World War Two, Mary Ellis, has died aged 101 at her home on the Isle of Wight https://t.c‚Ä¶"
-0.402,0.172,0.828,0.0,10,"This school is tackling their single-use plastic problem one lunchbox at a time.
#PlasticsAction https://t.co/dBJBC46C06"
-0.382,0.167,0.732,0.102,11,We call violence an ‚Äòepidemic‚Äô ‚Äì and there is reason to take that literally... treating it like an infectious disea‚Ä¶ https://t.co/871oH89IB6
-0.402,0.252,0.748,0.0,12,"‚ô®Ô∏èüò¥ Having trouble sleeping in this heatwave?
#HeatwaveUK https://t.co/N8Nstm5gC7"
0.402,0.136,0.617,0.247,13,"Colin Firth stars in an award-winning adaptation of Jane Austen's classic romance. üìöüòç

Pride and Prejudice |‚Ä¶ https://t.co/bgxyIt8i5g"
0.44,0.092,0.725,0.184,14,"From @rosskemp to @sirpatstew: these are the ultimate Extras celebrity cameos. üòÇ

https://t.co/MzLh704sPC"
0.0,0.0,1.0,0.0,15,"Is this Africa‚Äôs most inventive neighbourhood? üí°üåøü•ë

https://t.co/xgeQCMM1XP"
0.0,0.0,1.0,0.0,16,"Researchers have found evidence of an existing body of liquid water on Mars.
üëâ https://t.co/cmykUjdfxy https://t.co/F45qHNXcOR"
0.0,0.0,1.0,0.0,17,RT @BBCWthrWatchers: On Friday night you may see the moon turn red during a total lunar eclipse. Lasting 1 hr 40 mins it will be the longes‚Ä¶
-0.477,0.159,0.758,0.083,18,"üíâ A jab that protects against a virus that causes cervical cancer will be given to boys aged 12 to 13 in England.
üëâ‚Ä¶ https://t.co/joOj8vMupR"
0.676,0.064,0.696,0.24,19,"RT @bbcpress: ü§£ Want to write comedy? Want a six-month bursary to train and develop your skills at the BBC?
‚è∞ TIME IS RUNNING OUT! The dead‚Ä¶"
0.422,0.0,0.823,0.177,20,"üåäüê¨ These dolphins were rescued after getting stranded in shallow water in Tasmania. 

https://t.co/MRqRBxsctW"
-0.046,0.131,0.746,0.123,21,"Tonight, a team of inventors attempt to change the lives of three inspiring people with very different problems. üí°‚Ä¶ https://t.co/L7yN0qkCNz"
-0.511,0.142,0.858,0.0,22,A dog called Minnie has been reunited with her owners two years after thieves stole a truck she was sleeping in. üê∂‚Ä¶ https://t.co/CzeVkauFSx
-0.296,0.091,0.909,0.0,23,"RT @bbcpress: Late for the first game of @BBCMOTD, missed the first dance on #Strictly or tuned in halfway through #EastEnders? Pushing the‚Ä¶"
0.226,0.106,0.741,0.153,24,"üòÄ‚ô•Ô∏è Four-year-old Daniel and 91-year-old Stuart, who has dementia, have struck up an unlikely friendship.  https://t.co/DVpVhIssTc"
0.0,0.0,1.0,0.0,25,RT @bbcweather: It is officially the hottest day of the year so far in the UK with temperatures soaring to 35C in west London. https://t.co‚Ä¶
-0.178,0.101,0.826,0.072,26,"""I would like to do it all over again. There was a war on but otherwise it was absolutely wonderful."" ‚ù§Ô∏èÔ∏è

Remember‚Ä¶ https://t.co/1cSKgxW5gF"
-0.461,0.236,0.764,0.0,27,"üòÆ You don't want to get between two fighting kangaroos!
#LifeStory https://t.co/xX95kVkWJU"
-0.402,0.148,0.788,0.064,28,"A record number of primary school children are leaving school severely obese, according to new figures from Public‚Ä¶ https://t.co/nmc8w0pnGW"
-0.818,0.238,0.762,0.0,29,"RT @BBCEngland: The last living female pilot from World War Two, Mary Ellis, has died aged 101 at her home on the Isle of Wight https://t.c‚Ä¶"
-0.402,0.172,0.828,0.0,30,"This school is tackling their single-use plastic problem one lunchbox at a time.
#PlasticsAction https://t.co/dBJBC46C06"
-0.382,0.167,0.732,0.102,31,We call violence an ‚Äòepidemic‚Äô ‚Äì and there is reason to take that literally... treating it like an infectious disea‚Ä¶ https://t.co/871oH89IB6
-0.402,0.252,0.748,0.0,32,"‚ô®Ô∏èüò¥ Having trouble sleeping in this heatwave?
#HeatwaveUK https://t.co/N8Nstm5gC7"
0.402,0.136,0.617,0.247,33,"Colin Firth stars in an award-winning adaptation of Jane Austen's classic romance. üìöüòç

Pride and Prejudice |‚Ä¶ https://t.co/bgxyIt8i5g"
0.44,0.092,0.725,0.184,34,"From @rosskemp to @sirpatstew: these are the ultimate Extras celebrity cameos. üòÇ

https://t.co/MzLh704sPC"
0.0,0.0,1.0,0.0,35,"Is this Africa‚Äôs most inventive neighbourhood? üí°üåøü•ë

https://t.co/xgeQCMM1XP"
0.0,0.0,1.0,0.0,36,"Researchers have found evidence of an existing body of liquid water on Mars.
üëâ https://t.co/cmykUjdfxy https://t.co/F45qHNXcOR"
0.0,0.0,1.0,0.0,37,RT @BBCWthrWatchers: On Friday night you may see the moon turn red during a total lunar eclipse. Lasting 1 hr 40 mins it will be the longes‚Ä¶
-0.477,0.159,0.758,0.083,38,"üíâ A jab that protects against a virus that causes cervical cancer will be given to boys aged 12 to 13 in England.
üëâ‚Ä¶ https://t.co/joOj8vMupR"
0.676,0.064,0.696,0.24,39,"RT @bbcpress: ü§£ Want to write comedy? Want a six-month bursary to train and develop your skills at the BBC?
‚è∞ TIME IS RUNNING OUT! The dead‚Ä¶"
0.422,0.0,0.823,0.177,40,"üåäüê¨ These dolphins were rescued after getting stranded in shallow water in Tasmania. 

https://t.co/MRqRBxsctW"
0.0,0.0,1.0,0.0,41,"'I downloaded all my Facebook data and it was a nightmare'. üíªü§¶‚Äç‚ôÄÔ∏è

Have you ever wondered what your data actually l‚Ä¶ https://t.co/0sNfkSket7"
0.077,0.0,0.92,0.08,42,"A startling insight into how society viewed the role of women in the 20th century. #WashesWhiter

https://t.co/BIoTfZ5DPG"
-0.273,0.123,0.877,0.0,43,"A watchdog has warned that the packaging you recycle 'may end up in landfill'. ‚ôªÔ∏èüóë

https://t.co/7q7NwFYVBh https://t.co/8SqE3kZ3j8"
0.637,0.0,0.682,0.318,44,"Why we should all love whale poo... üíöüêãüí© 

#OurBluePlanet

https://t.co/VePUiOOE3F"
-0.382,0.126,0.874,0.0,45,"Fish are losing their sense of smell because of a rise in CO2 levels, according to new research. üêüüíî‚Ä¶ https://t.co/9EWLY0pLrH"
0.128,0.248,0.47,0.282,46,The best way EVER to deal with a scam. https://t.co/nqWGYEEBy4
0.0,0.0,1.0,0.0,47,"üå°üçÇ From Carnoustie to London, the heatwave has left Britain's parks and lawns parched.

üì∑ https://t.co/yqcbYgu5Y7‚Ä¶ https://t.co/I0rzDBzXOp"
0.477,0.0,0.763,0.237,48,"These birds woo the ladies with popcorn and cartwheels.
#AnimalsBehavingBadly https://t.co/HUArZNsNXy"
0.848,0.0,0.674,0.326,49,"Got kids who are on school holidays? 

üì±The ‚ÄòCBBC Buzz‚Äô app is free, fun and there‚Äôs something for you, whatever yo‚Ä¶ https://t.co/RCuJvRzW8D"
0.552,0.0,0.866,0.134,50,"RT @BBCOxford: Oxford's Soup Peddler - who has given more than 4,000 free meals to the homeless - is hanging up his ladle.
Could you carry‚Ä¶"
0.0,0.0,1.0,0.0,51,"üë®‚Äçüé§üçû The first known studio recording of David Bowie is set for auction after being found in an old bread basket.
üëâ‚Ä¶ https://t.co/5R2Pmr8gBf"
-0.019,0.082,0.918,0.0,52,"'Doesn't matter what's written on the packet, wet wipes do not disintegrate.' https://t.co/sFUvFL8OaL"
-0.598,0.156,0.844,0.0,53,RT @bbcworldservice: *Calling all Star Wars fans!* This is a VR experience where you star in the storyline. Hear more about Lucasfilm's VR‚Ä¶
0.572,0.0,0.575,0.425,54,The perfect picnic doesn't exi... https://t.co/hCE7MqzF2P
0.0,0.0,1.0,0.0,55,üë∂üëµ Most people feel younger or older than they really are ‚Äì and this 'subjective age' has a big effect on their phy‚Ä¶ https://t.co/vGnFI1TfmB
0.0,0.0,1.0,0.0,56,Meet the man who escaped locked-in syndrome and is about to become a dad. https://t.co/x0Bkz8R176
0.0,0.0,1.0,0.0,57,"Film-maker Mo Naqvi attempts to decide who to vote for in Pakistan's upcoming election.

Storyville: Insha'Allah De‚Ä¶ https://t.co/u7nu633Gt2"
0.0,0.0,1.0,0.0,58,"üíà‚ù§Ô∏è Meet the barber tackling mental health one beard trim at a time.
(via @BBCThree) https://t.co/sTbcQnZ2ck"
0.0,0.0,1.0,0.0,59,"Follow the transportation of a herd of elephants from the Midlands to their new seaside home. üêò

Elephants on the M‚Ä¶ https://t.co/nvfAlmyl21"
0.494,0.0,0.686,0.314,60,üê∂ Hearing dogs can save a life. https://t.co/bTcvuvGYJt
0.0,0.0,1.0,0.0,61,"RT @cbbc: Andy Samberg &amp; @selenagomez talk all things @HotelT üï∏Ô∏èüëªüå¥
For the full interview download the #CBBCBuzz app now! https://t.co/83Vu‚Ä¶"
0.0,0.111,0.779,0.111,62,"If you're blind or partially sighted, this might help.
 
At the BBC, we offer audio description to describe our sho‚Ä¶ https://t.co/jDXcSK72uQ"
0.637,0.0,0.704,0.296,63,"Y'alright love? üê¶ 

Meet Mourdour, the raven with a Yorkshire accent.... 

https://t.co/6K9eMeDh0k"
0.572,0.0,0.73,0.27,64,RT @bbccomedy: The wonderful Victoria Wood talking sex. ‚ù§Ô∏è https://t.co/uKdwA5f3T0
-0.527,0.254,0.746,0.0,65,RT @bbccomedy: When it's not just work you're frustrated with... https://t.co/Qlv5gMgkGD
-0.38,0.274,0.549,0.177,66,When is a film so bad it's actually good? üçøü§¶‚Äç‚ôÄÔ∏è https://t.co/zNWeEnZVQd https://t.co/F3rLExxpyR
-0.676,0.247,0.753,0.0,67,"RT @bbcgetinspired: He came within minutes of losing his life in a horrific accident - but eight years on, he is about to represent Norther‚Ä¶"
0.477,0.0,0.886,0.114,68,"Ntando Mahlangu walked for the first time at the age of ten. 

By the time he was 14, he had a silver medal from Ri‚Ä¶ https://t.co/JodVvKpqUw"
-0.527,0.134,0.866,0.0,69,"The UK government says air pollution is the fourth biggest threat to public health. ü§ßüí®

Here's what you can do to i‚Ä¶ https://t.co/SVbU4D7961"
0.0,0.0,1.0,0.0,70,"‚úàÔ∏èüéí This is what happens to your suitcase after you've checked-in at an airport... 

https://t.co/SZZKKm6ONf"
0.599,0.0,0.755,0.245,71,‚ù§Ô∏è The catwalk show with a mission to prove everyone is beautiful. https://t.co/sGAR4YzNZT
0.128,0.0,0.927,0.073,72,"See some art
Dwell on your wrongs
Talk to strangers

Tackle the week ahead with a spot of elastic thinking. https://t.co/W3gtqBFnss"
0.611,0.0,0.846,0.154,73,"RT @bbcmusic: Happy Birthday @SelenaGomez! üéÇüéâ

Which is your favourite SG single? (We are going old school Selena and vote 'Naturally' üí´) h‚Ä¶"
0.637,0.0,0.729,0.271,74,RT @BBCCountryfile: What's your top tip for enjoying our countryside? Here's @EllieHarrison_ @AdamHenson @tomheapmedia and @SteveBrownGBWR‚Ä¶
0.0,0.0,1.0,0.0,75,RT @BBCNews: London Anniversary Games: Kare Adenegan &amp; Sophie Hahn set world records https://t.co/DW7CyMwS7r
-0.84,0.276,0.724,0.0,76,"‚ù§Ô∏è The mother of a five-year-old boy who helped write his own obituary before he died of cancer says she is ""humble‚Ä¶ https://t.co/k1R3Tq8KX5"
-0.273,0.091,0.909,0.0,77,"Keeping it low key üòâ

This man asked his partner to marry him with a GIANT beach mural. üèñ 
https://t.co/FrqoNA4HhG"
0.726,0.0,0.757,0.243,78,"üò≤üé® Some of the most stunning photos from the 21st World Bodypainting Festival in Austria.
üëâ https://t.co/2Z8On4ZuS3 https://t.co/YoAPvfk5cE"
0.0,0.0,1.0,0.0,79,üêúüçû Would you eat bread baked with insects instead of flour? https://t.co/zXYGP4MZjk
0.751,0.0,0.686,0.314,80,"Positive reinforcement and indirect suggestions are a powerful way to influence our decision-making.

Here are eigh‚Ä¶ https://t.co/CyoIKBRDfs"
0.599,0.0,0.647,0.353,81,"The teenage activist helping families find low-cost healthy food. 
(via@BBCThree) https://t.co/aM3Esv544f"
0.751,0.0,0.726,0.274,82,üíï‚úçÔ∏è A story penned by a 10-year-old girl with autism has attracted praise from academics and others with the condit‚Ä¶ https://t.co/oFp5UI36Ex
0.34,0.0,0.862,0.138,83,RT @BBCNewsbeat: Say hello to @NicoleAMaines who will play TV's first ever transgender superhero. https://t.co/QIIPLjRZBo https://t.co/FhUr‚Ä¶
0.0,0.0,1.0,0.0,84,"üçû Prehistoric bake-off: Scientists have discovered the earliest known evidence of bread-making, from a 14,000-year-‚Ä¶ https://t.co/rt2YVZY1zW"
0.0,0.0,1.0,0.0,85,"Do you have a reusable water bottle?
#PlasticsAction https://t.co/XTlzV0IEGB"
0.637,0.0,0.679,0.321,86,"üé¨üçø A business trip leads to a chance encounter...

Pretty Woman | 10:20pm | @BBCOne | https://t.co/vCrrzh7bN7 https://t.co/KS0CZCwcDx"
-0.494,0.259,0.741,0.0,87,"The ruins of a Cumbrian village have been exposed by the UK drought. üå°

https://t.co/zCaOtOFM74"
0.44,0.114,0.659,0.228,88,"üòÇ @RomeshRanga really REALLY can't stand Gogglebox. #LiveAtTheApollo

https://t.co/IMrhnETAg7"
0.0,0.0,1.0,0.0,89,"How being drawn naked helped these women reclaim their bodies. 
(via @BBCThree) https://t.co/h22GymBo6O"
0.0,0.0,1.0,0.0,90,Was the üòäthe first emoticon? https://t.co/3eZwRPDqbJ
0.0,0.0,1.0,0.0,91,RT @BBCR1: From @ShawnMendes and @NiallOfficial to @DUALIPA and @ArianaGrande; 10 massive pop collabs we NEED to hear right now üëâ https://t‚Ä¶
0.813,0.0,0.63,0.37,92,üë∞üéäü§µ @reallorraine and @robbeckettcomic host as two couples play for dream prizes and a chance to get married in fro‚Ä¶ https://t.co/JOaddKsXdr
0.202,0.139,0.648,0.213,93,A huge iceberg is looming over a village in Greenland. https://t.co/sDLtIq41Fj
0.0,0.0,1.0,0.0,94,"Would you consider becoming a hedgehog foster parent? ü¶î üíï

https://t.co/qTzxBdTy1B"
-0.832,0.328,0.672,0.0,95,"Maths, science, history and... death? üéíüìöü§î

Death could be added to the school timetable in Australia. üëâ‚Ä¶ https://t.co/l6jEPAaK64"
0.0,0.0,1.0,0.0,96,"üèÉüèÉ‚Äç‚ôÄÔ∏è @GabbyLogan presents live coverage from the first day of the #AnniversaryGames at the London Stadium.

Athlet‚Ä¶ https://t.co/KD8QAeSMnA"
0.572,0.0,0.73,0.27,97,üèÉThis 88-year-old runner has celebrated his 200th Parkrun in Manchester. https://t.co/9yG6L3bCye
0.751,0.0,0.714,0.286,98,"Amazing innovation üí°
A family in France has become the first to move in to a 3D-printed house. https://t.co/FYDtNW19PL"
0.494,0.0,0.842,0.158,99,üá±üá∞ The Sri Lankan schoolgirl turned inventor trying to save the planet one lunchbox at a time. https://t.co/RZlJolph79
0.0,0.0,1.0,0.0,100,RT @bbcweather: In Pictures: The dramatic effect of the UK heatwave https://t.co/xmdTbUlpTy Jo https://t.co/mKIjUw8Yhs
-0.361,0.111,0.889,0.0,1,Fans are criticizing FC Barcelona for its travel arrangements to the U.S.: the men's team was placed in business cl‚Ä¶ https://t.co/699dQI97KJ
-0.694,0.264,0.736,0.0,2,"NEW 9/11 VICTIM IDENTIFIED: 17 years after the September 11th attacks, officials have identified the tragedy's 1,64‚Ä¶ https://t.co/cJAKqFKsjL"
0.511,0.0,0.829,0.171,3,HUMAN CHAIN: Beachgoers form a human chain to rescue swimmers in North Carolina from a deadly rip current‚Ä¶ https://t.co/XE8zl1RQNv
-0.586,0.255,0.745,0.0,4,"Two Iraqi Airways pilots had an argument during a flight and physically fought at 37,000 feet‚Ä¶ https://t.co/X6VCZESlvk"
-0.599,0.245,0.755,0.0,5,A USA Today investigation ranked states with the highest maternal death rates https://t.co/3ZeyC10KUy https://t.co/DnXOpihLD7
-0.599,0.214,0.786,0.0,6,President Trump says the U.S. will impose sanctions on NATO ally Turkey over a detained American pastor held on ter‚Ä¶ https://t.co/76POvPOzkf
0.077,0.124,0.734,0.141,7,An Egyptian zoo is being accused of painting donkeys to look like zebras https://t.co/HYnQFG1F6W https://t.co/gyv8XdlTnu
-0.494,0.208,0.792,0.0,8,A Colorado widow is battling her late husband's insurance company because it decided to cut his worker compensation‚Ä¶ https://t.co/ArYvDb3ATQ
-0.318,0.15,0.85,0.0,9,"Facebook's Wednesday night loss was ""larger than the entire size of McDonald's"" https://t.co/7SJEKpRnET https://t.co/w5iEybWkeS"
0.0,0.0,1.0,0.0,10,"WATCH LIVE: President Trump is holding a roundtable with steel workers in Dubuque, Iowa https://t.co/MjcGHOTQM6 https://t.co/guUqvY4FPU"
-0.848,0.535,0.465,0.0,11,3rd suspect arrested in shooting death of rapper XXXTentacion https://t.co/zwjSentkQ4 https://t.co/SJtfvcr0zB
-0.422,0.177,0.823,0.0,12,MMA star Conor McGregor pleads guilty in backstage melee at Brooklyn area https://t.co/lwY1YXRaZf https://t.co/ZJVD0ugs2Z
-0.649,0.264,0.736,0.0,13,Puma that made rare crossings of U.S. Highway 101 found dead https://t.co/3BXPvMnBIL https://t.co/VtZpIjcZCB
0.0,0.0,1.0,0.0,14,"These twin sisters are alike in almost every single way, except for one thing -- they are running for office in opp‚Ä¶ https://t.co/L6UQ1aTgUz"
0.0,0.0,1.0,0.0,15,"WATCH: Rep. Paul Ryan is holding his weekly press conference, where he is addressing the latest articles of impeach‚Ä¶ https://t.co/R9AvMUKyMe"
0.361,0.0,0.783,0.217,16,How Russian hackers accessed U.S. systems with ease https://t.co/f2rfBhr1Oo https://t.co/U2zEvJCX0g
0.0,0.0,1.0,0.0,17,"Sen. Jeff Merkley slams Pres. Trump admin as ""incompetent,"" ""callous"" in handling family separation‚Ä¶ https://t.co/K4hIyb37NO"
-0.919,0.619,0.381,0.0,18,"Greece fire death toll mounts, along with desperation and anger https://t.co/9ZS1zeTMzq https://t.co/BDDUpXETyK"
0.477,0.0,0.744,0.256,19,Walmart is out to woo Babies R Us shoppers https://t.co/lLOD2IalM9 https://t.co/SVQGeANdEF
0.44,0.0,0.805,0.195,20,Vladimir Putin's soccer ball gift to Trump may have had microchip https://t.co/ST8UAkno4L https://t.co/1vj8yKqncY
-0.361,0.111,0.889,0.0,21,Fans are criticizing FC Barcelona for its travel arrangements to the U.S.: the men's team was placed in business cl‚Ä¶ https://t.co/699dQI97KJ
-0.694,0.264,0.736,0.0,22,"NEW 9/11 VICTIM IDENTIFIED: 17 years after the September 11th attacks, officials have identified the tragedy's 1,64‚Ä¶ https://t.co/cJAKqFKsjL"
0.511,0.0,0.829,0.171,23,HUMAN CHAIN: Beachgoers form a human chain to rescue swimmers in North Carolina from a deadly rip current‚Ä¶ https://t.co/XE8zl1RQNv
-0.586,0.255,0.745,0.0,24,"Two Iraqi Airways pilots had an argument during a flight and physically fought at 37,000 feet‚Ä¶ https://t.co/X6VCZESlvk"
-0.599,0.245,0.755,0.0,25,A USA Today investigation ranked states with the highest maternal death rates https://t.co/3ZeyC10KUy https://t.co/DnXOpihLD7
-0.599,0.214,0.786,0.0,26,President Trump says the U.S. will impose sanctions on NATO ally Turkey over a detained American pastor held on ter‚Ä¶ https://t.co/76POvPOzkf
0.077,0.124,0.734,0.141,27,An Egyptian zoo is being accused of painting donkeys to look like zebras https://t.co/HYnQFG1F6W https://t.co/gyv8XdlTnu
-0.494,0.208,0.792,0.0,28,A Colorado widow is battling her late husband's insurance company because it decided to cut his worker compensation‚Ä¶ https://t.co/ArYvDb3ATQ
-0.318,0.15,0.85,0.0,29,"Facebook's Wednesday night loss was ""larger than the entire size of McDonald's"" https://t.co/7SJEKpRnET https://t.co/w5iEybWkeS"
0.0,0.0,1.0,0.0,30,"WATCH LIVE: President Trump is holding a roundtable with steel workers in Dubuque, Iowa https://t.co/MjcGHOTQM6 https://t.co/guUqvY4FPU"
-0.848,0.535,0.465,0.0,31,3rd suspect arrested in shooting death of rapper XXXTentacion https://t.co/zwjSentkQ4 https://t.co/SJtfvcr0zB
-0.422,0.177,0.823,0.0,32,MMA star Conor McGregor pleads guilty in backstage melee at Brooklyn area https://t.co/lwY1YXRaZf https://t.co/ZJVD0ugs2Z
-0.649,0.264,0.736,0.0,33,Puma that made rare crossings of U.S. Highway 101 found dead https://t.co/3BXPvMnBIL https://t.co/VtZpIjcZCB
0.0,0.0,1.0,0.0,34,"These twin sisters are alike in almost every single way, except for one thing -- they are running for office in opp‚Ä¶ https://t.co/L6UQ1aTgUz"
0.0,0.0,1.0,0.0,35,"WATCH: Rep. Paul Ryan is holding his weekly press conference, where he is addressing the latest articles of impeach‚Ä¶ https://t.co/R9AvMUKyMe"
0.361,0.0,0.783,0.217,36,How Russian hackers accessed U.S. systems with ease https://t.co/f2rfBhr1Oo https://t.co/U2zEvJCX0g
0.0,0.0,1.0,0.0,37,"Sen. Jeff Merkley slams Pres. Trump admin as ""incompetent,"" ""callous"" in handling family separation‚Ä¶ https://t.co/K4hIyb37NO"
-0.919,0.619,0.381,0.0,38,"Greece fire death toll mounts, along with desperation and anger https://t.co/9ZS1zeTMzq https://t.co/BDDUpXETyK"
0.477,0.0,0.744,0.256,39,Walmart is out to woo Babies R Us shoppers https://t.co/lLOD2IalM9 https://t.co/SVQGeANdEF
0.44,0.0,0.805,0.195,40,Vladimir Putin's soccer ball gift to Trump may have had microchip https://t.co/ST8UAkno4L https://t.co/1vj8yKqncY
0.0,0.0,1.0,0.0,41,"Youtube has reportedly pulled down four videos posted by Infowars, the ultra right-wing site run by Alex Jones‚Ä¶ https://t.co/syZ6QKLYgU"
0.0,0.0,1.0,0.0,42,Details emerge about what happened before and after Demi Lovato's apparent overdose https://t.co/g9ZaZVvei8 https://t.co/Y8BIJjxwMR
0.0,0.0,1.0,0.0,43,"Someone untied a $40 million yacht owned by the family of Betsy DeVos, causing up to $10,000 in damages‚Ä¶ https://t.co/IU2eZbKwgw"
0.572,0.0,0.761,0.239,44,Here's why Facebook shares are sinking like a stone after the social media giant's latest earnings report:‚Ä¶ https://t.co/DT5zbqKsP6
0.0,0.0,1.0,0.0,45,"An unidentified body was found Wednesday in the waters off a Trump golf resort in New York City, the NYPD says:‚Ä¶ https://t.co/9Y2kXQBxD2"
-0.153,0.099,0.826,0.074,46,WATCH: A Texas man sits on top of a police cruiser as it speeds down a highway. He tried to resist arrest by kickin‚Ä¶ https://t.co/2DHzZuohEI
0.784,0.0,0.622,0.378,47,Here's how the talented dog in the viral #InMyFeelings Challenge video learned her impressive tricks‚Ä¶ https://t.co/IslMwyTMDb
0.296,0.0,0.896,0.104,48,The remains of a 26-year-old securities analyst who worked at the World Trade Center on 9/11 have been identified n‚Ä¶ https://t.co/fCNjMlCTkM
-0.526,0.166,0.834,0.0,49,"The U.S. is the most dangerous"" place to give birth in the developed world, @USATODAY investigation finds‚Ä¶ https://t.co/0BxxwsylMP"
0.681,0.0,0.682,0.318,50,Commentary: GOP governors may be the bright spot for party in November https://t.co/2zXGECi9wi https://t.co/tpJWDBKymX
-0.361,0.122,0.878,0.0,51,"HISTORIC FLOODING: Aerial footage shows an eerie view of Hershey Park, shut down and underwater after massive flood‚Ä¶ https://t.co/i3IftRmQpC"
-0.273,0.11,0.89,0.0,52,Authorities order closer monitoring of hydroelectric facilities as they probe why a dam in Laos collapsed earlier t‚Ä¶ https://t.co/2VxcU0zJ6Q
0.0,0.0,1.0,0.0,53,"""This is a watershed moment"": How Brett Kavanaugh could shape the coming moment for digital privacy‚Ä¶ https://t.co/vJLe105jD2"
0.0,0.0,1.0,0.0,54,RT @CBSThisMorning: Here's what we're working on this morning: https://t.co/RTLaszKnWB
-0.71,0.296,0.704,0.0,55,"Man injured in small bomb blast outside the U.S. Embassy in Beijing, police say https://t.co/J6Hauc43vI https://t.co/pHL6VzrUCS"
0.0,0.0,1.0,0.0,56,"RT @CBSThisMorning: THIS MORNING: 
üîú@nxthompson discusses Facebook's financial blow
üîú@USAToday's @alisonannyoung  on new investigation into‚Ä¶"
-0.526,0.152,0.848,0.0,57,"A new @USATODAY investigation finds the U.S. is the ""most dangerous place to give birth in the developed world."" In‚Ä¶ https://t.co/24HCve4nKQ"
0.0,0.0,1.0,0.0,58,"Qualcomm says it it dropping its $44 billion deal to buy Dutch chipmaker NXP Semiconductors, a high-profile victim‚Ä¶ https://t.co/ILr7KivKzW"
0.527,0.0,0.645,0.355,59,U.S. second-quarter GDP growth expected to top 4% https://t.co/SU0jYYiVbf https://t.co/Ggt3JX0AwX
0.0,0.0,1.0,0.0,60,"Hillary Clinton, Madeleine Albright and Colin Powell to appear on ‚ÄúMadam Secretary‚Äù https://t.co/xIP4psR8cd https://t.co/lXnkcaDxvY"
0.0,0.0,1.0,0.0,61,Cricket star Imran Khan takes early lead in Pakistan elections https://t.co/DpkRfC9vnq https://t.co/6rrx4KgjjI
0.0,0.0,1.0,0.0,62,Video shows cop alerting man in path of oncoming train at last second https://t.co/EMyWhNlY21 https://t.co/T8lOlxgzFL
-0.807,0.36,0.64,0.0,63,China trade war casualty: Qualcomm nixes $44B bid to buy rival NXP Semiconductors https://t.co/7LFlUpNhyU https://t.co/W2wF86s3WP
0.0,0.0,1.0,0.0,64,"Major U.S. airlines bow to China's ""Orwellian"" demands on Taiwan recognition https://t.co/hv7CugeDJ4 https://t.co/GFkhqqtLzk"
0.0,0.0,1.0,0.0,65,"Oregon student disciplined for ""Trump Border Wall"" T-shirt to get $25,000 https://t.co/ZXQPkJVw2l https://t.co/jGoFBFRKfi"
-0.202,0.256,0.536,0.208,66,"Palestinians: White House Mideast peace plan ""dead upon arrival"" https://t.co/qmtR4TiomR https://t.co/rWrrJRiDBr"
-0.625,0.255,0.745,0.0,67,Brazilian student gunned down in latest wave of violence in Nicaragua https://t.co/g6I108Vsqi https://t.co/yaVWXsMW5W
-0.477,0.22,0.78,0.0,68,Dangerous flooding continues in Eastern U.S. as wildfires burn out West https://t.co/uACyrlUQjF
0.0,0.0,1.0,0.0,69,"Pakistan's former ambassador says Pakistan must ""get out of the business of jihad"" https://t.co/1Ku4uD8mvG https://t.co/ekeDQEumQR"
-0.361,0.135,0.865,0.0,70,"White House says Trump-Putin meeting on hold until 2019 when ""Russia witch hunt is over"" https://t.co/j9F96Ahg3U https://t.co/mELsRSA5N4"
0.0,0.0,1.0,0.0,71,Judge allows emoluments case against Trump to proceed https://t.co/P0EVigWDqL https://t.co/1qFIW2NbVS
0.382,0.0,0.809,0.191,72,Officer helps homeless man shave before job interview at McDonald's https://t.co/AQpo1RjeT1 https://t.co/X5JlPuBaWC
0.0,0.0,1.0,0.0,73,Person dies after getting bacterial infection while fishing in Gulf waters https://t.co/PqV8H7LieD https://t.co/DzVVVcfpTI
0.586,0.0,0.593,0.407,74,Facebook shares fall as user growth slows https://t.co/aEFI993Jk8 https://t.co/iHaYmRgvGL
-0.772,0.401,0.599,0.0,75,"One woman killed, another missing as storms deluge eastern U.S. https://t.co/9HCjDHfP2r https://t.co/THNBVtN7A8"
0.0,0.0,1.0,0.0,76,Explosion reported outside U.S. Embassy in Beijing https://t.co/q8kQdIC9Ai https://t.co/pvPJLjeh0Z
-0.7,0.362,0.638,0.0,77,Former Alaska Airlines pilot sentenced to year in prison for flying while drunk https://t.co/1nS5kgCaZS https://t.co/zrykY9jSvz
0.128,0.0,0.842,0.158,78,Greeks describe harrowing escapes from deadly fires https://t.co/gztbYpAtq6 https://t.co/7FpkMjWCEk
-0.527,0.254,0.746,0.0,79,Alleged Mississippi wedding gifts thief tripped up by Facebook https://t.co/DDtayNhEmW https://t.co/eMhUxcp1BW
-0.827,0.435,0.565,0.0,80,Last 6 doomsday cult members on death row executed by Japan https://t.co/wFMkoKBf6n https://t.co/BwCubj2WaY
0.265,0.0,0.872,0.128,81,"Serena Williams, drug tested more than other top players this year, cites ""discrimination"" https://t.co/SR2T13AyFL https://t.co/XQxODv6WFo"
0.226,0.0,0.894,0.106,82,"Amb. McFaul appealing to White House after Putin's ""incredible offer"" to allow Russia to question him‚Ä¶ https://t.co/T2jBG0OrR8"
0.0,0.0,1.0,0.0,83,"Demi Lovato was in ""downward spiral"" before apparent overdose https://t.co/YnVpgwV5uz https://t.co/dbW80T9hP4"
-0.077,0.199,0.621,0.18,84,Trump's star on Hollywood Walk of Fame destroyed with pickax https://t.co/9qKLLRHJW0 https://t.co/ejr8w3fFzz
-0.296,0.145,0.855,0.0,85,Pennsylvania teen who fled to Mexico with 45-year-old man is missing again https://t.co/cSQrLxWj6Y https://t.co/0B5tDN4kzc
0.0,0.0,1.0,0.0,86,Corker grills Pompeo over Trump's private meeting with Putin https://t.co/TjV0pgZQa9 https://t.co/UAQzyqmLBN
-0.382,0.14,0.86,0.0,87,"CNN correspondent restricted from covering open White House event because officials found her earlier questions ""in‚Ä¶ https://t.co/G8C5WYSj0J"
-0.34,0.112,0.888,0.0,88,U.S. Evangelical pastor Andrew Brunson is being released from Turkish jail and put on house arrest after being char‚Ä¶ https://t.co/fu0ZQV4DTm
0.422,0.089,0.714,0.196,89,How the dog behind the viral #InMyFeelings video learned her impressive tricks https://t.co/lOrYaZJ6f1 https://t.co/6xvL1U1ZwG
0.0,0.0,1.0,0.0,90,Body found in waters off Trump NYC golf course https://t.co/rm6xsqUHvy https://t.co/Q38YzexA3o
-0.34,0.24,0.616,0.144,91,"Secret Trump-Cohen tape: Why it's ""possible"" a crime was committed https://t.co/nzbsDp5MWl https://t.co/gg2GtHnrqn"
-0.852,0.462,0.538,0.0,92,"Larry Nassar's lawyers say he was attacked in prison, blame judge's comments during sentencing hearing‚Ä¶ https://t.co/4EGHVJC3gO"
0.0,0.0,1.0,0.0,93,"Oregon student disciplined for ""Trump Border Wall"" T-shirt to get $25,000 https://t.co/Bdb8H8Shs4 https://t.co/jHhXd5WIqF"
0.0,0.0,1.0,0.0,94,Judge allows emoluments case against Trump to proceed https://t.co/plKNrAyZHL https://t.co/JiIFRK5Bmc
0.625,0.0,0.662,0.338,95,Mega Millions $522 million jackpot: Single ticket takes top prize https://t.co/2XQIWJU8kZ https://t.co/mjwK2SsYZx
0.0,0.0,1.0,0.0,96,Bodycam footage from Las Vegas shooting shows police believed there were multiple shooters https://t.co/Cds97bVruC https://t.co/Cg4swGaEXG
-0.382,0.206,0.794,0.0,97,CNN correspondent restricted from covering open White House event https://t.co/jlRjCYRBrx https://t.co/JiwLN0YGOr
0.0,0.0,1.0,0.0,98,Person dies after getting bacterial infection while fishing in Gulf waters https://t.co/7LUohzejtx https://t.co/rNV6tkcLsS
-0.827,0.465,0.535,0.0,99,"Larry Nassar's lawyers say he was attacked in prison, blame judge https://t.co/imqUDjLEl3 https://t.co/p0WCYnkor1"
-0.765,0.439,0.561,0.0,100,"""This is a big breakthrough"": Aggressively lowering blood pressure could reduce one's risk for dementia‚Ä¶ https://t.co/RgwMbdLj4E"
0.0,0.0,1.0,0.0,1,Election official won't approve Blankenship's bid for Senate https://t.co/o9GBM4kWb7
-0.718,0.3,0.7,0.0,2,.@adam_brandon: Jim Jordan just gave the GOP base the rallying cry it so desperately needs https://t.co/bjxmFbludd
-0.318,0.15,0.85,0.0,3,Mark Zuckerberg loses $16B in one day as Facebook stock plunges 20 percent. https://t.co/ZEoHZOL7Uj
0.0,0.0,1.0,0.0,4,"Disney to eliminate plastic straws, stirrers at all resorts by 2019. https://t.co/QlPP59I7m5"
-0.25,0.1,0.9,0.0,5,Families with young children protest the separation of immigrant families with a sit-in at the Hart Senate Office B‚Ä¶ https://t.co/f4eWujBFuG
0.0,0.0,1.0,0.0,6,"Shaquille O'Neal announces reality show about his restaurant, 'Big Chicken Shaq' https://t.co/15Xe72PC0e"
0.0,0.0,1.0,0.0,7,Oklahoma mom offers herself as stand-in for disapproving parents at same-sex weddings https://t.co/mguetYbnri
0.077,0.161,0.657,0.182,8,Egyptian zoo accused of painting donkey to look like zebra https://t.co/tvZtA7mLAa
0.511,0.0,0.708,0.292,9,Evangelicals cheer Trump administration's pro-Israel policies (via @calebparke) https://t.co/yC36qetWJZ
0.0,0.0,1.0,0.0,10,Tom Homan on court-imposed deadline for Trump administration to reunite migrant families separated at border‚Ä¶ https://t.co/x7sZoY9NWA
0.0,0.0,1.0,0.0,11,Rosenstein impeachment articles introduced: What to know about the process https://t.co/1p2jiUBeJN
0.0,0.0,1.0,0.0,12,Demi Lovato 'could be discharged soon' after apparent overdose https://t.co/AduU8Tx6Ri
0.0,0.0,1.0,0.0,13,Here's how Friday's superlong lunar eclipse works https://t.co/YiyyJ74sLi
0.0,0.0,1.0,0.0,14,.@RepMattGaetz on Rep. Jim Jordan announcing run for House speaker https://t.co/HYuosmWy6U #OutnumberedOT https://t.co/IANHMrmE2b
-0.226,0.106,0.894,0.0,15,Student Who Settled Lawsuit Over Pro-Trump Shirt: 'I Should Be Able to Express My Political Opinions' https://t.co/LSFZvqJ2Z7
-0.153,0.078,0.922,0.0,16,TONIGHT: Roseanne Barr sits down with @SeanHannity. Don‚Äôt miss this must-see interview on ‚ÄúHannity‚Äù at 9p ET on Fox‚Ä¶ https://t.co/Oz6Fj26zwU
0.0,0.0,1.0,0.0,17,"RT @FoxBusiness: .@IvankaTrump: ""Perkins Career and Technical Education Act passed the Senate last week, passed the House this week and wil‚Ä¶"
0.0,0.0,1.0,0.0,18,.@POTUS participates in a roundtable on workforce development in Iowa https://t.co/Rq668QA5Yp
0.0,0.0,1.0,0.0,19,RT @FoxBusiness: HAPPENING NOW: @POTUS participates in roundtable discussion on workplace development https://t.co/KyTJRkTt5P
0.0,0.0,1.0,0.0,20,RT @FoxBusiness: HAPPENING NOW: @POTUS and @IvankaTrump tour Iowa College's manufacturing lab before participating in a roundtable discussi‚Ä¶
0.0,0.0,1.0,0.0,21,Election official won't approve Blankenship's bid for Senate https://t.co/o9GBM4kWb7
-0.718,0.3,0.7,0.0,22,.@adam_brandon: Jim Jordan just gave the GOP base the rallying cry it so desperately needs https://t.co/bjxmFbludd
-0.318,0.15,0.85,0.0,23,Mark Zuckerberg loses $16B in one day as Facebook stock plunges 20 percent. https://t.co/ZEoHZOL7Uj
0.0,0.0,1.0,0.0,24,"Disney to eliminate plastic straws, stirrers at all resorts by 2019. https://t.co/QlPP59I7m5"
-0.25,0.1,0.9,0.0,25,Families with young children protest the separation of immigrant families with a sit-in at the Hart Senate Office B‚Ä¶ https://t.co/f4eWujBFuG
0.0,0.0,1.0,0.0,26,"Shaquille O'Neal announces reality show about his restaurant, 'Big Chicken Shaq' https://t.co/15Xe72PC0e"
0.0,0.0,1.0,0.0,27,Oklahoma mom offers herself as stand-in for disapproving parents at same-sex weddings https://t.co/mguetYbnri
0.077,0.161,0.657,0.182,28,Egyptian zoo accused of painting donkey to look like zebra https://t.co/tvZtA7mLAa
0.511,0.0,0.708,0.292,29,Evangelicals cheer Trump administration's pro-Israel policies (via @calebparke) https://t.co/yC36qetWJZ
0.0,0.0,1.0,0.0,30,Tom Homan on court-imposed deadline for Trump administration to reunite migrant families separated at border‚Ä¶ https://t.co/x7sZoY9NWA
0.0,0.0,1.0,0.0,31,Rosenstein impeachment articles introduced: What to know about the process https://t.co/1p2jiUBeJN
0.0,0.0,1.0,0.0,32,Demi Lovato 'could be discharged soon' after apparent overdose https://t.co/AduU8Tx6Ri
0.0,0.0,1.0,0.0,33,Here's how Friday's superlong lunar eclipse works https://t.co/YiyyJ74sLi
0.0,0.0,1.0,0.0,34,.@RepMattGaetz on Rep. Jim Jordan announcing run for House speaker https://t.co/HYuosmWy6U #OutnumberedOT https://t.co/IANHMrmE2b
-0.226,0.106,0.894,0.0,35,Student Who Settled Lawsuit Over Pro-Trump Shirt: 'I Should Be Able to Express My Political Opinions' https://t.co/LSFZvqJ2Z7
-0.153,0.078,0.922,0.0,36,TONIGHT: Roseanne Barr sits down with @SeanHannity. Don‚Äôt miss this must-see interview on ‚ÄúHannity‚Äù at 9p ET on Fox‚Ä¶ https://t.co/Oz6Fj26zwU
0.0,0.0,1.0,0.0,37,"RT @FoxBusiness: .@IvankaTrump: ""Perkins Career and Technical Education Act passed the Senate last week, passed the House this week and wil‚Ä¶"
0.0,0.0,1.0,0.0,38,.@POTUS participates in a roundtable on workforce development in Iowa https://t.co/Rq668QA5Yp
0.0,0.0,1.0,0.0,39,RT @FoxBusiness: HAPPENING NOW: @POTUS participates in roundtable discussion on workplace development https://t.co/KyTJRkTt5P
0.0,0.0,1.0,0.0,40,RT @FoxBusiness: HAPPENING NOW: @POTUS and @IvankaTrump tour Iowa College's manufacturing lab before participating in a roundtable discussi‚Ä¶
0.0,0.0,1.0,0.0,41,"President @realDonaldTrump and @IvankaTrump attend a workforce development round-table in Peosta, Iowa. https://t.co/owrSegpZ40"
0.0,0.0,1.0,0.0,42,"TONIGHT on #Hannity, @seanhannity speaks to Rep. @Jim_Jordan - Tune in at 9p ET on Fox News Channel! https://t.co/w83TsOUS4i"
0.382,0.0,0.822,0.178,43,Mama duck with 76 ducklings on Minnesota lake captured in stunning photos https://t.co/xAo5RNnKHI
0.0,0.0,1.0,0.0,44,.@LisaMarieBoothe on @SecPompeo: ‚ÄúI actually thought he did a really phenomenal job.‚Äù #Outnumbered https://t.co/cdDVvU0rKu
0.0,0.0,1.0,0.0,45,"Arizona man stole ambulance from hospital because it was too hot to walk, police say https://t.co/vi2xAC0hiu"
0.0,0.0,1.0,0.0,46,".@Judgenap: ‚ÄúImpeachment is such a draconian measure, and it's not authorized here.‚Äù #Outnumbered‚Ä¶ https://t.co/tz6pNIHmqe"
0.0,0.0,1.0,0.0,47,"Florida man stole IDs of Backstreet Boys member, MLB stars and NBA coach, officials say https://t.co/IzSY1eckGp"
-0.649,0.346,0.654,0.0,48,White House threatens to sanction Turkey over detained American pastor https://t.co/C8SKItU32a https://t.co/aELXpsUTBu
0.0,0.0,1.0,0.0,49,Rep. Jim Jordan announces run for House speaker https://t.co/g0O3JQ5o4M
-0.459,0.231,0.645,0.124,50,".@USNavy's first female admiral, retired Rear Adm. Alene B. Duerk, dead at 98 https://t.co/ylQ4iaHmpw"
0.0,0.0,1.0,0.0,51,BREAKING NEWS: Rep. @Jim_Jordan to seek Speakership in the new Congress. https://t.co/aOkgQiSSDV
-0.502,0.214,0.73,0.056,52,".@NancyPelosi: ""They would want to hurt Rosenstein so that they could hurt the Mueller investigation, but hopefully‚Ä¶ https://t.co/ywTzvZ3XMO"
0.0,0.0,1.0,0.0,53,.@POTUS in Iowa for tour of community college and workforce development roundtable #Outnumbered https://t.co/cmmNe8i2n5
0.0,0.0,1.0,0.0,54,.@AlanDersh: House GOP Making Case for @POTUS's Impeachment With 'Dumb' Move Against Rosenstein‚Ä¶ https://t.co/nqx5VYl2av
0.0,0.0,1.0,0.0,55,Happening Now: @POTUS arrives in Iowa for workforce roundtable. https://t.co/rbM9vGQBSN
0.026,0.0,0.945,0.055,56,".@RepSwalwell: ""What they're trying to do right now is to reach into an ongoing investigation and turn over evidenc‚Ä¶ https://t.co/4uGnWnE6LI"
-0.422,0.357,0.385,0.258,57,Boy battling cancer granted wish to be firefighter for a day https://t.co/7WQRL5YcBR
-0.026,0.109,0.891,0.0,58,Former Alaska Airlines pilot sentenced for flying while intoxicated https://t.co/Pdie4aMFzC
0.172,0.185,0.574,0.241,59,NEWS ALERT: @SpeakerRyan does not support Rosenstein impeachment. https://t.co/pLAQI4hDBN
0.0,0.0,1.0,0.0,60,.@SpeakerRyan holds his weekly news conference. https://t.co/XrTBlDcPre
0.186,0.168,0.609,0.223,61,NEWS ALERT: No Rosenstein impeachment vote in House today. https://t.co/XlKITF0ZZO
-0.382,0.191,0.809,0.0,62,".@Judgenap: Move to Impeach Rosenstein Is 'Baseless, Embarrassing for Everyone Involved' https://t.co/YWTjESmsqc"
0.422,0.0,0.865,0.135,63,".@VP: ""President Erdogan and the Turkish government, I have a message on behalf of the President of the United Stat‚Ä¶ https://t.co/wjNVJJn34q"
0.0,0.0,1.0,0.0,64,RT @FoxBusiness: How an All-Star Dodgers pitcher went from baseball to business  https://t.co/Ug4ZJBPYQx
0.0,0.0,1.0,0.0,65,"RT @FoxBusiness: Facebook, other social networks seem to have peaked in US, Europe: @Varneyco  https://t.co/aqrLj1XQis"
0.0,0.0,1.0,0.0,66,RT @FoxBusiness: Walmart wants Babies R Us consumers following its demise  https://t.co/w4bg4iSqCV
0.273,0.146,0.595,0.259,67,"RT @FoxBusiness: Facebook shares plunge nearly 20% as revenue, user growth disappoint  https://t.co/5jgeast6sR https://t.co/VmPeeSrLcr"
0.0,0.0,1.0,0.0,68,Conservative's satirical Ocasio-Cortez 'interview' triggers media uproar https://t.co/DupBOfMRfS
0.557,0.0,0.795,0.205,69,On @foxandfriends. @KellyannePolls had positive words for the trajectory of the country under President‚Ä¶ https://t.co/EtLxSnepTl
0.0,0.0,1.0,0.0,70,Coca-Cola is raising soda prices; CEO says consumers likely to feel effect https://t.co/FS4nuqtZQA
0.0,0.0,1.0,0.0,71,SOON: Air Force One touches down in Iowa. https://t.co/ZT2qIOe6Ie
0.0,0.0,1.0,0.0,72,House Democratic Leader @NancyPelosi holds her weekly news conference.  https://t.co/nifXV80m6N
0.0,0.0,1.0,0.0,73,"Sgt. Curtis Whittington demonstrates how Han, a contraband-sniffing German Shepherd, looks for contraband at the Ok‚Ä¶ https://t.co/8S0bL16wAh"
0.735,0.0,0.721,0.279,74,"Attorney General Jeff Sessions: ""My deputy, Rod Rosenstein, is highly capable. I have the highest confidence in him‚Ä¶ https://t.co/bogMUeIkwq"
-0.9,0.407,0.593,0.0,75,Suspect in brutal murder of New York City nurse reportedly found in California hotel with woman tied up https://t.co/VgTuiqa9rG
0.128,0.0,0.903,0.097,76,".@SenJohnKennedy: ""I said Gorsuch was and is a legal rock star, so is Judge Kavanaugh."" https://t.co/F0XgNi68BE"
0.0,0.0,1.0,0.0,77,".@SteveScalise: ""We passed a resolution last week to stand up for our ICE agents. They're the people that are keepi‚Ä¶ https://t.co/JalLxqwEf0"
-0.402,0.137,0.863,0.0,78,Boy with autism fights to keep service ducks after town orders family to get rid of them https://t.co/PJfEZlbZzG
-0.71,0.247,0.753,0.0,79,".@AlanDersh: ""If you don't like the way Rod Rosenstein is responding to your subpoena, charge him with contempt of‚Ä¶ https://t.co/WwfY3dqzQV"
-0.34,0.167,0.833,0.0,80,Demi Lovato exhibited warning signs in days leading up to apparent overdose https://t.co/7qSHr4dsrV
0.637,0.0,0.756,0.244,81,.@VP Mike Pence and @SecPompeo deliver remarks at Ministerial to Advance Religious Freedom. https://t.co/wjmtqIelfw
0.402,0.101,0.629,0.27,82,"Cities grappling with safety, legal concerns as electric scooter-sharing craze sweeps country https://t.co/eaJGXtwKaE"
0.765,0.0,0.708,0.292,83,.@judgenap: Farewell to someone I loved with all my heart ‚Äì who gave me his values and much more https://t.co/Gn3uNki1w3
-0.292,0.108,0.892,0.0,84,".@SenJohnBarrasso: ""@POTUS isn't getting the credit he deserves and has earned from the actions that he's been taki‚Ä¶ https://t.co/G4HDrRkyeF"
-0.71,0.247,0.753,0.0,85,".@AlanDersh: ""If you don't like the way Rod Rosenstein is responding to your subpoena, charge him with contempt of‚Ä¶ https://t.co/BYFG7PTPX4"
-0.128,0.226,0.581,0.194,86,'Mercury in retrograde': Should we expect 3 weeks of bad luck? https://t.co/RR9Gj3AhGs
0.273,0.0,0.89,0.11,87,".@kayleighmcenany: ""In a half a century you have not had a president with a willingness to take on remedying this t‚Ä¶ https://t.co/P3z4cl8ZaN"
-0.527,0.167,0.833,0.0,88,".@AlanDersh: ""It is the most shortsighted - and I have to say stupid - thing I've heard in a long time.""‚Ä¶ https://t.co/O5fFHCJnDk"
-0.026,0.12,0.765,0.115,89,.@RepMaxineWaters Suggests in Church Sermon That She Was Sent by God to Stop President @realDonaldTrump‚Ä¶ https://t.co/y7z9lreuwE
0.0,0.0,1.0,0.0,90,GOP lawmakers move to impeach Rosenstein; @pdoocy reports. https://t.co/7kAKpOnyAU https://t.co/WOvGCCljbx
0.473,0.0,0.796,0.204,91,".@kayleighmcenany: ""There's more economic opportunity today than there was two years ago."" https://t.co/1z5raTSlGd"
0.0,0.0,1.0,0.0,92,".@kayleighmcenany: ""There are a lot of so-called 'hidden Trump voters.' They don't talk to pollsters. They don't sa‚Ä¶ https://t.co/ElnIUKc1ko"
0.477,0.0,0.659,0.341,93,Poll: @POTUS approval dips in Midwest. https://t.co/SfvjU4SDGb
-0.599,0.196,0.804,0.0,94,U.S. expecting North Korea to return remains of 55 American soldiers from Korean war; @GregPalkot reports. https://t.co/J0OS11MRq1
0.273,0.0,0.89,0.11,95,".@kayleighmcenany: ""In a half a century you have not had a president with a willingness to take on remedying this t‚Ä¶ https://t.co/UTXXlLoXOV"
0.0,0.0,1.0,0.0,96,Former McCaskill campaign spokesman is now spokesman for husband's investment company https://t.co/qfRMu1YnE1
-0.069,0.226,0.566,0.208,97,NEWS ALERT: Bomb explodes outside U.S. embassy in Beijing. https://t.co/BrKzUsXqJ6
0.0,0.0,1.0,0.0,98,".@DLoesch: ""We have the right to defend ourselves, not just at home but also when we're out and about."" https://t.co/voQO2EmCEu"
0.0,0.0,1.0,0.0,99,April the Giraffe is pregnant with her fifth calf https://t.co/BuyWvRNs87 https://t.co/QjQ0f1FU38
-0.784,0.434,0.566,0.0,100,Arizona trooper shot and killed with officer's gun; @ANITAROMANFOX10 reports. https://t.co/9DpxXBNUFh
